<?xml version="1.0" encoding="UTF-8"?>
<!DOCTYPE mapper PUBLIC "-//mybatis.org//DTD Mapper 3.0//EN" "http://mybatis.org/dtd/mybatis-3-mapper.dtd">

<mapper namespace="com.matjo.web.group.dao.CommonGroupDao">
    
    <!-- INSERT : 내 모임 등록 -->
    <insert id="insertMyGroup" parameterType="groupBean">
        INSERT INTO mygroup
        (
        	mygroup_member,
        	mygroup_group
        )
        VALUES
        (
        	#{memberNo},
        	#{groupNo}
        )
    </insert>
    
    <!-- INSERT : 모임 가입 신청 임시 저장 -->
    <insert id="insertApply" parameterType="groupBean">
        INSERT INTO apply
        (
        	apply_member,
        	apply_group,
        	apply_content,
        	apply_ischeck
        )
        VALUES
        (
        	#{memberNo},
        	#{groupNo},
        	#{applyContent},
        	false
        )
    </insert>
    
    <!-- INSERT : 모임 구독 -->
    <insert id="insertSubsGroup" parameterType="groupBean">
		INSERT INTO subsgroup
		(
			subsgroup_member,
			subsgroup_group
		)
		VALUES
		(
			#{memberNo},
			#{groupNo}
		)        
    </insert>
    
    <!-- SELECT : 모임 구독 여부 조회 -->
    <select id="selectHasSubsGroup" parameterType="groupBean" resultType="int">
        SELECT
        	COUNT(*)
        FROM
        	subsgroup
        WHERE
        	subsgroup_member = #{memberNo}
        	AND
        	subsgroup_group = #{groupNo}
    </select>
    
    <!-- DELETE : 모임 구독 해제 -->
    <delete id="deleteSubsGroup" parameterType="groupBean">
        DELETE FROM subsgroup
        WHERE
        	subsgroup_member = #{memberNo}
        	AND
        	subsgroup_group = #{groupNo}
    </delete>
    
    <!-- SELECT : 내 구독 모임 목록 조회 -->
    <select id="selectSubsGroupList" parameterType="memberBean" resultType="groupBean">
        SELECT
        	subsgroup_group AS groupNo
        	, (
        		SELECT group_name
        		FROM groups
        		WHERE
        			groups.group_no = subsgroup.subsgroup_group
        	) AS groupName
        FROM
        	subsgroup
        WHERE
        	subsgroup_member = #{memberNo}
    </select>
    
    <!-- DELETE : 모임 가입 신청 승인/거절 이후 삭제 -->
    <delete id="deleteApply" parameterType="groupBean">
        DELETE FROM apply
        WHERE
        	apply_member=#{memberNo}
        	AND
        	apply_group=#{groupNo}
    </delete>
</mapper>