<?xml version="1.0" encoding="utf-8"?>

<!-- 데코레이터 기본 폴더 -->

<decorators defaultdir="/WEB-INF/view/layout">

 <!-- 예외 URL 패턴 -->
 	<!-- <excludes>
 	    <pattern>/</pattern>
 	</excludes> -->

 	<decorator name="header-footer-layout" page="header-footer-layout.jsp">
  		<pattern>/*</pattern>
 	</decorator>
 	
 	<decorator name="header-footer-layout2" page="header-footer-layout2.jsp">
  		<pattern>/member/*</pattern>
 	</decorator>
 	
 	<!-- 예외 URL - 자식창 (민주 추가) -->
 	<decorator name="header-footer-layout-simple" page="header-footer-layout-simple.jsp">
 	    <pattern>/group/selectGroupToApply*</pattern>
 	    <pattern>/group/selectGroupMemberList*</pattern>
 	</decorator>
	
</decorators>

