<?xml version="1.0" encoding="UTF-8" ?>
<!DOCTYPE mapper PUBLIC "-//mybatis.org//DTD Mapper 3.0//EN" "http://mybatis.org/dtd/mybatis-3-mapper.dtd">

<!-- 맵퍼가 쿼리를 수행 -->

<mapper namespace="com.matjo.web.review.dao.ReviewDao">

	<!-- 회원 목록 조회 -->
	<sql id="reviewColumns">
		review_no AS reviewNo,
		review_group AS reviewGroupNo,
		review_resta_no AS reviewRestaNo,
		review_resta_name AS reviewRestaName,
		review_resta_cate AS reviewRestaCate,
		review_isopen AS reviewIsOpen,
		(
			SELECT group_name
			FROM groups 
			WHERE review.review_group = groups.group_no
		) AS reviewGroupName
	</sql>

	<!-- 리뷰 목록 조회(음식점 기준) -->
	<!-- id 명시적으로 바꿔야함 -->
	<select id="selectReviewList" resultType="reviewBean" parameterType="reviewBean">
		SELECT
		<include refid="reviewColumns" />
		FROM
		review
		WHERE
		1=1
		<if test='reviewRestaNo != ""'>
			AND review_resta_no = #{reviewRestaNo}
		</if>
		ORDER BY
		review_group
		DESC
	</select>
	
	<!-- 리뷰 목록 조회(모임 기준) -->
	<select id="selectReviewListForGroup" resultType="reviewBean" parameterType="reviewBean">
		SELECT
		<include refid="reviewColumns" />
		FROM
		review
		WHERE
		1=1
		<if test='reviewGroupNo != ""'>
			AND review_group = #{reviewGroupNo}
		</if>
		ORDER BY
		review_group
		DESC
	</select>
	
	<!-- 모임리뷰 1건 저장 -->
	<insert id="insertReview" parameterType="reviewBean">
	    INSERT INTO review
 		(
			review_group,
			review_resta_no,
			review_resta_name,
			review_resta_cate
 		)
		VALUES
 		(
 			#{reviewGroupNo}, 
 			#{reviewRestaNo}, 
 			#{reviewRestaName}, 
 			#{reviewRestaCate}
 		)
 		<selectKey order="AFTER" keyProperty="no" resultType="string">
	   		SELECT LAST_INSERT_ID()        
		</selectKey>
	</insert>
	
</mapper>

