<?xml version="1.0" encoding="UTF-8"?>
<!DOCTYPE mapper PUBLIC "-//mybatis.org//DTD Mapper 3.0//EN" "http://mybatis.org/dtd/mybatis-3-mapper.dtd">

<mapper namespace="com.matjo.web.group.dao.GroupDao">
    
    <sql id="groupsColumns">
    	group_no AS groupNo,
    	group_leader AS memberNo,
    	group_name AS groupName,
    	group_date AS groupDate,
    	group_info AS groupInfo,
    	group_img AS groupImg
    </sql>
    
    <!-- INSERT : 새 모임 등록 -->
    <insert id="insertGroup" parameterType="groupBean">
        INSERT INTO 
        groups 
        (
        	group_leader
        	,group_name
        	,group_info
        	<if test="groupImg != null and groupImg != ''">
        	,group_img
        	</if>
        ) 
        VALUES 
        ( 
        	#{memberNo}
        	,#{groupName}
        	,#{groupInfo}
        	<if test="groupImg != null and groupImg != ''">
        	,#{groupImg}
        	</if>
        )
        <selectKey order="AFTER" keyProperty="groupNo" resultType="string">
            SELECT LAST_INSERT_ID()
        </selectKey>
    </insert>
    
    <!-- SELECT : 모임 목록 조회 -->
	<select id="selectGroupList" parameterType="pagingBean" resultType="groupBean">
	    SELECT
	    	<include refid="groupsColumns"/>
	    	, (SELECT member_name FROM member WHERE member.member_no = groups.group_leader) AS groupLeader
	    	, (SELECT COUNT(*) FROM mygroup WHERE mygroup_group = #{groupNo}) AS groupSize
	    FROM
	    	groups
	    WHERE
	    	1=1
	    	<if test="searchType == 'all'">
	    	    AND (group_name like CONCAT('%', #{searchText}, '%') 
	    	    OR group_leader IN (SELECT member_no FROM member WHERE member.member_name like CONCAT('%', #{searchText}, '%'))
	    	    OR group_info like CONCAT('%', #{searchText}, '%'))
	    	</if>
	    	<if test="searchType == 'group_name'">
	    	    AND group_name like CONCAT('%', #{searchText}, '%') 
	    	</if>
	    	<if test="searchType == 'group_leader'">
	    	    AND group_leader IN (SELECT member_no FROM member WHERE member.member_name like CONCAT('%', #{searchText}, '%'))
	    	</if>
	    	<if test="searchType == 'group_content'">
	    	    AND group_info like CONCAT('%', #{searchText}, '%') 
	    	</if>
	    LIMIT #{startRow}, #{endRow}
    </select>
    
	<!-- SELECT : COUNT(*) 모임 전체 개수 조회 -->
	<select id="selectGroupCount" parameterType="pagingBean" resultType="int">
	    SELECT
	    	COUNT(*)
	    FROM
	    	groups
	    WHERE
	    	1=1
	    	<if test="searchType == 'all'">
	    	    AND (group_name like CONCAT('%', #{searchText}, '%') 
	    	    OR group_leader IN (SELECT member_no FROM member WHERE member.member_name like CONCAT('%', #{searchText}, '%'))
	    	    OR group_info like CONCAT('%', #{searchText}, '%'))
	    	</if>
	    	<if test="searchType == 'group_name'">
	    	    AND group_name like CONCAT('%', #{searchText}, '%')
	    	</if>
	    	<if test="searchType == 'group_leader'">
	    	    AND group_leader IN (SELECT member_no FROM member WHERE member.member_name like CONCAT('%', #{searchText}, '%'))
	    	</if>
	    	<if test="searchType == 'group_content'">
	    	    AND group_info like CONCAT('%', #{searchText}, '%')
	    	</if>
	</select>
    
    <!-- SELECT : 모임 1건 상세 정보 조회 -->
    <select id="selectGroupDetail" parameterType="groupBean" resultType="groupBean">
        SELECT
        	<include refid="groupsColumns"/>
        	<if test="groupNo != null and groupNo != ''">
        	,(
        	SELECT member_name FROM member
        	WHERE
        		member.member_no = groups.group_leader
        	) AS groupLeader
        	,(
        	SELECT COUNT(*) FROM mygroup 
        	WHERE
	        	mygroup_group = #{groupNo}
        	) AS groupSize
        	</if>
        FROM
        	groups
        WHERE
        	1!=1
        	<if test="groupNo != null and groupNo != ''">
        	OR group_no = #{groupNo}
        	</if>
        	<if test="groupName != null and groupName != ''">
        	OR group_name = #{groupName}
        	</if>
    </select>
    
    <!-- SELECT : 모임 소속된 회원들 목록 조회 -->
    <select id="selectGroupMember" parameterType="groupBean" resultType="memberBean">
        SELECT
		mygroup_member AS memberNo,
		( SELECT
		  	member_name
		  FROM
		  	member
		  WHERE
		  	member.member_no = mygroup.mygroup_member
		) AS memberName,
		( SELECT
			member_img
		  FROM
		  	member
		  WHERE
		  	member.member_no = mygroup.mygroup_member
		) AS memberImg
		FROM
			mygroup
		WHERE
			mygroup_group = #{groupNo}
		ORDER BY mygroup_date
    </select>
    
    <!-- SELECT : 모임명으로 조회 -->
    <select id="selectGroupByName" parameterType="groupBean" resultType="groupBean">
        SELECT
        	group_no AS groupNo
        FROM
        	groups
        WHERE
        	group_name = #{groupName}
    </select>
    
</mapper>