<?xml version="1.0" encoding="UTF-8"?>
<!DOCTYPE mapper PUBLIC "-//mybatis.org//DTD Mapper 3.0//EN" "http://mybatis.org/dtd/mybatis-3-mapper.dtd">

<mapper namespace="com.matjo.web.promotion.dao.PromotionDao">
    
    <sql id="promotionColumns">
        promo_no AS promoNo,
        promo_code AS promoCode,
        promo_resta AS promoResta,
        promo_content AS promoContent,
        DATE_FORMAT(promo_start, '%Y-%m-%d') AS promoStart,
        DATE_FORMAT(promo_end, '%Y-%m-%d') AS promoEnd,
        promo_cate AS promoCate,
        promo_img AS promoImg
        
    </sql>
	
	<!-- 프로모션 List 조회 -->
	<select id="promotionList" resultType="promotionBean" parameterType="promotionBean">
	    SELECT
	    	<include refid="promotionColumns"/>
	    FROM
	    	promotion
	    WHERE
	    	1=1
	</select>
	
	   
	<!-- 프로모션 등록하기 -->
    <insert id="insertPromotion" parameterType="promotionBean">
        INSERT INTO
         promotion 
        (
       		promo_code
        	,promo_resta
        	,promo_content
        	,promo_start
        	,promo_end
        	,promo_cate
        	<if test="promoImg != null and promoImg != ''">
        	,promo_img
        	</if>
        ) 
        VALUES 
        ( 
        	#{promoCode}
        	,#{promoResta}
        	,#{promoContent}
        	,#{promoStart}
        	,#{promoEnd}
        	,#{promoCate}
        	<if test="promoImg != null and promoImg != ''">
        	,#{promoImg}
        	</if>
        	    <selectKey order="AFTER" keyProperty="promoNo" resultType="string">
            SELECT LAST_INSERT_ID()
        </selectKey>
        )
    </insert>
    
    
    
    
    <!-- SELECT : 프로모션 목록 조회 -->
	<select id="selectPromo" parameterType="pagingBean" resultType="promotionBean">
	    SELECT
	    	<include refid="promotionColumns"/>
	    FROM
	    	promotion
	    LIMIT #{startRow}, #{endRow}
    </select>
    
	<!-- SELECT : COUNT(*) 프로모션 전체 개수 조회 -->
	<select id="selectPromotionCount" parameterType="pagingBean" resultType="int">
	    SELECT
	    	COUNT(*)
	    FROM
	    	promotion
	</select>
	
	
	<!-- 프로모션 삭제 -->
	<delete id="deletePromo" parameterType="promotionBean">
	    DELETE FROM 
	    	promotion
	    WHERE
	    	promo_no = #{promoNo}
	</delete>
	
</mapper>